{
  "timestamp": 1762014889.7442818,
  "task": "simple function",
  "duration_ms": 596.0049629211426,
  "success": true
}
